ID,name,licenseNo,profileFile,fileType,createdAt,createdBy,modifiedAt,modifiedBy
48892354-9b8d-480d-821f-74f1d7960c21,name-4889235,licenseNo-4889235,profileFile-4889235,fileType-4889235,2008-04-24T00:00:00.000Z,createdBy.2wsk3@example.net,2000-08-28T00:00:00.000Z,modifiedBy.2wsk3@example.org
26929419-7e51-43ad-b93e-32bcd3f9a70a,name-26929419,licenseNo-26929419,profileFile-26929419,fileType-26929419,2008-12-22T00:00:00.000Z,createdBy.g16vf@example.org,2018-02-09T00:00:00.000Z,modifiedBy.g16vf@example.net
26929420-c473-4cc1-8d08-fe62d08d187f,name-26929420,licenseNo-26929420,profileFile-26929420,fileType-26929420,2007-08-30T00:00:00.000Z,createdBy.g16vg@example.com,2019-11-28T00:00:00.000Z,modifiedBy.g16vg@example.org
26929421-0078-4e58-a59a-3377c55544b9,name-26929421,licenseNo-26929421,profileFile-26929421,fileType-26929421,2009-11-21T00:00:00.000Z,createdBy.g16vh@example.net,2001-09-02T00:00:00.000Z,modifiedBy.g16vh@example.com
26929422-a3f5-4125-89df-4701d441478c,name-26929422,licenseNo-26929422,profileFile-26929422,fileType-26929422,2010-04-19T00:00:00.000Z,createdBy.g16vi@example.net,2019-12-12T00:00:00.000Z,modifiedBy.g16vi@example.net
26929423-c266-4371-9502-80b298921500,name-26929423,licenseNo-26929423,profileFile-26929423,fileType-26929423,2016-06-01T00:00:00.000Z,createdBy.g16vj@example.org,2009-06-14T00:00:00.000Z,modifiedBy.g16vj@example.org
26929424-0bf9-456b-9bd5-a053f25b6e08,name-26929424,licenseNo-26929424,profileFile-26929424,fileType-26929424,2000-10-19T00:00:00.000Z,createdBy.g16vk@example.org,2011-11-14T00:00:00.000Z,modifiedBy.g16vk@example.net
26929425-c3fd-48ed-b5d4-d528cd2d4bf7,name-26929425,licenseNo-26929425,profileFile-26929425,fileType-26929425,2000-06-25T00:00:00.000Z,createdBy.g16vl@example.org,2023-01-14T00:00:00.000Z,modifiedBy.g16vl@example.org
26929426-235d-404f-99f1-47b4408b8c95,name-26929426,licenseNo-26929426,profileFile-26929426,fileType-26929426,2004-05-30T00:00:00.000Z,createdBy.g16vm@example.com,2015-12-23T00:00:00.000Z,modifiedBy.g16vm@example.net
26929427-3a15-4128-a93c-fae92a8b2a19,name-26929427,licenseNo-26929427,profileFile-26929427,fileType-26929427,2023-11-25T00:00:00.000Z,createdBy.g16vn@example.net,2013-03-30T00:00:00.000Z,modifiedBy.g16vn@example.com